<?xml version="1.0" encoding="utf-8"?>
<ApplicationInstallerManifest>
   <DefaultInstallationDirectory>/Applications/SUTD/CircuitComparedre/</DefaultInstallationDirectory>
   <ApplicationName>CircuitComparedre</ApplicationName>
   <ExecutableName>application/CircuitComparedre.exe</ExecutableName>
   <GUID>11767a84-09c6-45a7-ae14-c88909953d43</GUID>
   <ApplicationIcon>default_icon_48.png</ApplicationIcon>
   <Logo>default_logo.png</Logo>
   <Version>1.1</Version>
   <InstallationNotes>In the following directions, replace MR/v99 by the directory on the target machine where MATLAB is installed, or MR by the directory where the MATLAB Runtime is installed.

If the environment variable DYLD_LIBRARY_PATH is undefined, set it to the following string:

MR/v99/runtime/maci64:MR/v99/sys/os/maci64:MR/v99/bin/maci64

If it is defined, set it to the following:

${DYLD_LIBRARY_PATH}:MR/v99/runtime/maci64:MR/v99/sys/os/maci64:MR/v99/bin/maci64
</InstallationNotes>
   <AuthorOrganization>SUTD</AuthorOrganization>
   <Summary>For the AES Saul Walker Design Competition 2021</Summary>
   <WelcomePanelText>CircuitComparedre 1.1
For the AES Saul Walker Design Competition 2021

Technical ear training towards audio production and critical listening, is a skill that takes a large amount of time to develop. This poses a problem for audio circuit design, when the designer is faced with having to decide between two or more similar performing (sounding) audio circuits. 

We present an application developed to aid the design process by focusing on objective empirical values, through audio feature extraction, and utilising machine learning to reconcile similarities and differences. The application features the ability to compare up to 6 circuits at once, provides a default and extended feature extraction process, and allows the user to easily create inferences to the comparison made.

Christopher Clarke
christopher_clarke@mymail.sutd.edu.sg</WelcomePanelText>
   <MCRProducts>
      <MCRProduct>
         <ExternalProductIdentifier>35000</ExternalProductIdentifier>
      </MCRProduct>
      <MCRProduct>
         <ExternalProductIdentifier>35010</ExternalProductIdentifier>
      </MCRProduct>
      <MCRProduct>
         <ExternalProductIdentifier>35108</ExternalProductIdentifier>
      </MCRProduct>
      <MCRProduct>
         <ExternalProductIdentifier>35112</ExternalProductIdentifier>
      </MCRProduct>
      <MCRProduct>
         <ExternalProductIdentifier>35119</ExternalProductIdentifier>
      </MCRProduct>
      <MCRProduct>
         <ExternalProductIdentifier>35124</ExternalProductIdentifier>
      </MCRProduct>
      <MCRProduct>
         <ExternalProductIdentifier>35180</ExternalProductIdentifier>
      </MCRProduct>
      <MCRProduct>
         <ExternalProductIdentifier>35251</ExternalProductIdentifier>
      </MCRProduct>
   </MCRProducts>
</ApplicationInstallerManifest>